ID,Color,Size,Type,In Stock?,Price
234956,Dog Bones,Medium,Single,In Stock,10.99
234957,Dog Bones,Medium,4 Pack,In Stock,37.99
234959,Dog Bones,Large,Single,In Stock,10.99
234960,Dog Bones,Large,4 Pack,In Stock,37.99
234962,Dog Bones,Extra Large,Single,In Stock,10.99
234963,Dog Bones,Extra Large,4 Pack,In Stock,37.99
234965,Blue Plaid,Extra Small,Single,In Stock,10.99
234971,Blue Plaid,Medium,Single,In Stock,10.99
234972,Blue Plaid,Medium,4 Pack,In Stock,37.99
234974,Blue Plaid,Large,Single,In Stock,10.99
234966,Blue Plaid,Extra Small,4 Pack,In Stock,37.99
234975,Blue Plaid,Large,4 Pack,In Stock,37.99
234969,Blue Plaid,Small,Single,In Stock,10.99
234970,Blue Plaid,Small,4 Pack,In Stock,37.99
234977,Blue Plaid,Extra Large,Single,In Stock,10.99
234978,Blue Plaid,Extra Large,4 Pack,In Stock,37.99
235005,Black,Extra Small,Single,In Stock,10.99
235006,Black,Extra Small,4 Pack,In Stock,37.99
235008,Black,Small,Single,In Stock,10.99
235009,Black,Small,4 Pack,In Stock,37.99
235011,Black,Medium,Single,In Stock,10.99
235012,Black,Medium,4 Pack,In Stock,37.99
235014,Black,Large,Single,In Stock,10.99
235015,Black,Large,4 Pack,In Stock,37.99
235017,Black,Extra Large,Single,In Stock,10.99
235018,Black,Extra Large,4 Pack,In Stock,37.99
235020,London Plaid Camel,Extra Small,Single,In Stock,10.99
235021,London Plaid Camel,Extra Small,4 Pack,In Stock,37.99
235023,London Plaid Camel,Small,Single,In Stock,10.99
235024,London Plaid Camel,Small,4 Pack,In Stock,37.99
235026,London Plaid Camel,Medium,Single,In Stock,10.99
235027,London Plaid Camel,Medium,4 Pack,In Stock,37.99
235029,London Plaid Camel,Large,Single,In Stock,10.99
235030,London Plaid Camel,Large,4 Pack,In Stock,37.99
235032,London Plaid Camel,Extra Large,Single,In Stock,10.99
235033,London Plaid Camel,Extra Large,4 Pack,In Stock,37.99
235035,Stewart Plaid Red,Extra Small,Single,In Stock,10.99
235036,Stewart Plaid Red,Extra Small,4 Pack,In Stock,37.99
235038,Stewart Plaid Red,Small,Single,In Stock,10.99
235039,Stewart Plaid Red,Small,4 Pack,In Stock,37.99
235041,Stewart Plaid Red,Medium,Single,In Stock,10.99
235042,Stewart Plaid Red,Medium,4 Pack,In Stock,37.99
235044,Stewart Plaid Red,Large,Single,In Stock,10.99
235045,Stewart Plaid Red,Large,4 Pack,In Stock,37.99
235047,Stewart Plaid Red,Extra Large,Single,In Stock,10.99
235048,Stewart Plaid Red,Extra Large,4 Pack,In Stock,37.99
235050,Dog Bones,Extra Small,Single,In Stock,10.99
235051,Dog Bones,Extra Small,4 Pack,In Stock,37.99
235053,Dog Bones,Small,Single,In Stock,10.99
235054,Dog Bones,Small,4 Pack,In Stock,37.99
234968,Blue Plaid,Small,Single,In Stock,10.99